{"cameraMode":{"drawMode":0,"name":"Shaded","section":"Shading Mode"},"sceneLighting":false,"audioPlay":false,"sceneViewState":{"m_AlwaysRefresh":false,"showFog":false,"showSkybox":false,"showFlares":false,"showImageEffects":false,"showParticleSystems":false,"showVisualEffectGraphs":true,"m_FxEnabled":true},"in2DMode":false,"pivot":{"x":-0.008719220757484436,"y":0.7918994426727295,"z":0.08704645931720734},"rotation":{"x":0.0011510965414345265,"y":0.9988387823104858,"z":-0.036783479154109958,"w":0.03127477318048477},"size":1.1336512565612794,"orthographic":false}